data_id,id,modified,name,value,
1100,11253914,1523805424,031_EXG1_CEV_DeltaTMgrSts,1,
1101,11253915,1523805424,031_EXG1_CEV_DeltaTSp,0.000,
1102,11253916,1523805425,031_EXG1_CEV_Vmax,75.000,
1103,11253917,1523805425,031_EXG1_CEV_Vnom,179.638,
1104,11253918,1523805425,031_EXG1_CEV_DeltaTLimitation,1,
1105,11253919,1523805425,031_EXG2_CEV_RelPos,0.000,
1106,11253920,1523805425,031_EXG2_CEV_RelFlow,0.000,
1107,11253921,1523805425,031_EXG2_CEV_AbsFlow,0.000,
1108,11253922,1523805426,031_EXG2_CEV_EnteringTmp,71.656,
1109,11253923,1523805426,031_EXG2_CEV_DeltaT,2.708,
1110,11253924,1523805426,031_EXG2_CEV_LeavingTmp,74.359,
1111,11253925,1523805426,031_EXG2_CEV_AbsPower,0.000,
1112,11253926,1523805426,031_EXG2_CEV_ClgEnergy,2617890.500,
1113,11253927,1523805426,031_EXG2_CEV_HtgEnergy,234.006,
1114,11253928,1523805427,031_EXG2_CEV_RelPower,0.000,
1115,11253929,1523805427,031_EXG2_CEV_CtrlMd,2,
1116,11253930,1523805427,031_EXG2_CEV_DeltaTMgrSts,1,
1117,11253931,1523805427,031_EXG2_CEV_DeltaTSp,0.000,
1118,11253932,1523805427,031_EXG2_CEV_Vmax,75.000,
1119,11253933,1523805427,031_EXG2_CEV_Vnom,179.638,
1120,11253934,1523805428,031_EXG2_CEV_DeltaTLimitation,1,
1121,11253935,1523805428,031_VAV1_CEV_RelPos,27.860,
1122,11253936,1523805428,031_VAV1_CEV_RelFlow,3.720,
1123,11253937,1523805428,031_VAV1_CEV_AbsFlow,23.614,
1124,11253938,1523805428,031_VAV1_CEV_EnteringTmp,44.452,
1125,11253939,1523805428,031_VAV1_CEV_DeltaT,11.025,
1126,11253940,1523805428,031_VAV1_CEV_LeavingTmp,55.477,
1127,11253941,1523805429,031_VAV1_CEV_AbsPower,130.563,
1128,11253942,1523805429,031_VAV1_CEV_ClgEnergy,7578145.500,
1129,11253943,1523805429,031_VAV1_CEV_HtgEnergy,1274.800,
1130,11253944,1523805429,031_VAV1_CEV_RelPower,3.358,
1131,11253945,1523805429,031_VAV1_CEV_CtrlMd,2,
1132,11253946,1523805429,031_VAV1_CEV_DeltaTMgrSts,1,
1133,11253947,1523805430,031_VAV1_CEV_DeltaTSp,0.000,
1134,11253948,1523805430,031_VAV1_CEV_Vmax,89.000,
1135,11253949,1523805430,031_VAV1_CEV_Vnom,713.267,
1136,11253950,1523805430,031_VAV1_CEV_DeltaTLimitation,1,
1137,11253951,1523805430,034_AHU1_CEV_RelPos,30.470,
1138,11253952,1523805430,034_AHU1_CEV_RelFlow,6.908,
1139,11253953,1523805431,034_AHU1_CEV_AbsFlow,1.045,
1140,11253954,1523805431,034_AHU1_CEV_EnteringTmp,999.900,
1141,11253955,1523805431,034_AHU1_CEV_DeltaT,1759.655,
1142,11253956,1523805431,034_AHU1_CEV_LeavingTmp,72.166,
1143,11253957,1523805431,034_AHU1_CEV_AbsPower,0.000,
1144,11253958,1523805431,034_AHU1_CEV_ClgEnergy,56562.195,
1146,11253959,1523805434,034_AHU1_CEV_RelPower,0.000,
1147,11253960,1523805434,034_AHU1_CEV_CtrlMd,1,
1148,11253961,1523805434,034_AHU1_CEV_DeltaTMgrSts,1,
1149,11253962,1523805435,034_AHU1_CEV_DeltaTSp,0.000,
1150,11253963,1523805435,034_AHU1_CEV_Vmax,83.000,
1151,11253964,1523805435,034_AHU1_CEV_Vnom,18.228,
1152,11253965,1523805435,034_AHU1_CEV_DeltaTLimitation,1,
1153,11253966,1523805436,074_AHU1_CEV_RelPos,20.060,
1154,11253967,1523805436,074_AHU1_CEV_RelFlow,2.165,
1155,11253968,1523805436,074_AHU1_CEV_AbsFlow,0.644,
1156,11253969,1523805436,074_AHU1_CEV_EnteringTmp,48.465,
1157,11253970,1523805437,074_AHU1_CEV_DeltaT,26.688,
1158,11253971,1523805437,074_AHU1_CEV_LeavingTmp,75.158,
1159,11253972,1523805437,074_AHU1_CEV_AbsPower,8.521,
1160,11253973,1523805438,074_AHU1_CEV_ClgEnergy,560420.500,
1161,11253974,1523805438,074_AHU1_CEV_HtgEnergy,1642.444,
1162,11253975,1523805438,074_AHU1_CEV_RelPower,3.857,
1163,11253976,1523805438,074_AHU1_CEV_CtrlMd,2,
1164,11253977,1523805438,074_AHU1_CEV_DeltaTMgrSts,1,
1165,11253978,1523805439,074_AHU1_CEV_DeltaTSp,0.000,
1166,11253979,1523805439,074_AHU1_CEV_Vmax,75.000,
1167,11253980,1523805439,074_AHU1_CEV_Vnom,39.626,
1168,11253981,1523805439,074_AHU1_CEV_DeltaTLimitation,1,
1169,11253982,1523805439,041_AHU1_CEV_RelPos,18.740,
1170,11253983,1523805439,041_AHU1_CEV_RelFlow,9.465,
1171,11253984,1523805440,041_AHU1_CEV_AbsFlow,24.003,
1172,11253985,1523805440,041_AHU1_CEV_EnteringTmp,43.774,
1173,11253986,1523805440,041_AHU1_CEV_DeltaT,15.749,
1174,11253987,1523805440,041_AHU1_CEV_LeavingTmp,59.523,
1175,11253988,1523805440,041_AHU1_CEV_AbsPower,184.652,
1176,11253989,1523805441,041_AHU1_CEV_ClgEnergy,2885624.750,
1178,11253990,1523805444,041_AHU1_CEV_RelPower,9.488,
1179,11253991,1523805444,041_AHU1_CEV_CtrlMd,2,
1180,11253992,1523805444,041_AHU1_CEV_DeltaTMgrSts,2,
1181,11253993,1523805444,041_AHU1_CEV_DeltaTSp,0.000,
1182,11253994,1523805444,041_AHU1_CEV_Vmax,80.000,
1183,11253995,1523805444,041_AHU1_CEV_Vnom,317.007,
1184,11253996,1523805445,041_AHU1_CEV_DeltaTLimitation,2,
1185,11253997,1523805445,041_AHU2_CEV_RelPos,61.030,
1186,11253998,1523805445,041_AHU2_CEV_RelFlow,40.474,
1187,11253999,1523805445,041_AHU2_CEV_AbsFlow,32.376,
1188,11254000,1523805445,041_AHU2_CEV_EnteringTmp,44.334,
1189,11254001,1523805445,041_AHU2_CEV_DeltaT,22.223,
1190,11254002,1523805445,041_AHU2_CEV_LeavingTmp,66.557,
1191,11254003,1523805446,041_AHU2_CEV_AbsPower,372.923,
1192,11254004,1523805446,041_AHU2_CEV_ClgEnergy,693687.750,
1193,11254005,1523805446,041_AHU2_CEV_HtgEnergy,0.010,
1194,11254006,1523805446,041_AHU2_CEV_RelPower,112.978,
1195,11254007,1523805446,041_AHU2_CEV_CtrlMd,2,
1196,11254008,1523805447,041_AHU2_CEV_DeltaTMgrSts,1,
1197,11254009,1523805447,041_AHU2_CEV_DeltaTSp,7.000,
1198,11254010,1523805447,041_AHU2_CEV_Vmax,80.001,
1200,11254011,1523805448,041_AHU2_CEV_DeltaTLimitation,1,
1201,11254012,1523805449,041_AHU9_CEV_RelPos,65.570,
1202,11254013,1523805449,041_AHU9_CEV_RelFlow,93.889,
1203,11254014,1523805449,041_AHU9_CEV_AbsFlow,19.019,
1204,11254015,1523805450,041_AHU9_CEV_EnteringTmp,43.859,
1205,11254016,1523805450,041_AHU9_CEV_DeltaT,5.485,
1206,11254017,1523805450,041_AHU9_CEV_LeavingTmp,49.344,
1207,11254018,1523805450,041_AHU9_CEV_AbsPower,52.893,
1208,11254019,1523805450,041_AHU9_CEV_ClgEnergy,535193.188,
1209,11254020,1523805451,041_AHU9_CEV_HtgEnergy,0.254,
1210,11254021,1523805451,041_AHU9_CEV_RelPower,32.882,
1211,11254022,1523805451,041_AHU9_CEV_CtrlMd,2,
1212,11254023,1523805451,041_AHU9_CEV_DeltaTMgrSts,1,
1213,11254024,1523805451,041_AHU9_CEV_DeltaTSp,0.000,
1214,11254025,1523805451,041_AHU9_CEV_Vmax,71.000,
1215,11254026,1523805451,041_AHU9_CEV_Vnom,28.531,
1216,11254027,1523805452,041_AHU9_CEV_DeltaTLimitation,1,
1217,11254028,1523805452,041_AHU3_CEV_RelPos,31.320,
1218,11254029,1523805452,041_AHU3_CEV_RelFlow,18.501,
1219,11254030,1523805452,041_AHU3_CEV_AbsFlow,49.852,
1220,11254031,1523805452,041_AHU3_CEV_EnteringTmp,43.778,
1221,11254032,1523805452,041_AHU3_CEV_DeltaT,16.746,
1222,11254033,1523805453,041_AHU3_CEV_LeavingTmp,60.525,
1223,11254034,1523805453,041_AHU3_CEV_AbsPower,428.893,
1224,11254035,1523805453,041_AHU3_CEV_ClgEnergy,5078805.000,
1225,11254036,1523805453,041_AHU3_CEV_HtgEnergy,0.502,
1226,11254037,1523805453,041_AHU3_CEV_RelPower,24.624,
1227,11254038,1523805453,041_AHU3_CEV_CtrlMd,2,
1228,11254039,1523805454,041_AHU3_CEV_DeltaTMgrSts,1,
1229,11254040,1523805454,041_AHU3_CEV_DeltaTSp,0.000,
1230,11254041,1523805454,041_AHU3_CEV_Vmax,85.000,
1231,11254042,1523805454,041_AHU3_CEV_Vnom,317.007,
1232,11254043,1523805454,041_AHU3_CEV_DeltaTLimitation,1,
1233,11254044,1523805454,041_AHU4_CEV_RelPos,35.310,
1234,11254045,1523805455,041_AHU4_CEV_RelFlow,15.014,
1235,11254046,1523805455,041_AHU4_CEV_AbsFlow,12.010,
1236,11254047,1523805455,041_AHU4_CEV_EnteringTmp,44.260,
1237,11254048,1523805455,041_AHU4_CEV_DeltaT,12.501,
1238,11254049,1523805455,041_AHU4_CEV_LeavingTmp,56.756,
1239,11254050,1523805455,041_AHU4_CEV_AbsPower,73.686,
1240,11254051,1523805456,041_AHU4_CEV_ClgEnergy,1575925.750,
1241,11254052,1523805456,041_AHU4_CEV_HtgEnergy,5.336,
1242,11254053,1523805456,041_AHU4_CEV_RelPower,13.628,
1243,11254054,1523805456,041_AHU4_CEV_CtrlMd,2,
1244,11254055,1523805456,041_AHU4_CEV_DeltaTMgrSts,1,
1245,11254056,1523805456,041_AHU4_CEV_DeltaTSp,0.000,
1246,11254057,1523805457,041_AHU4_CEV_Vmax,80.000,
1247,11254058,1523805457,041_AHU4_CEV_Vnom,99.989,
1248,11254059,1523805457,041_AHU4_CEV_DeltaTLimitation,1,
1249,11254060,1523805457,041_AHU5_CEV_RelPos,0.000,
1250,11254061,1523805457,041_AHU5_CEV_RelFlow,0.000,
1251,11254062,1523805457,041_AHU5_CEV_AbsFlow,0.000,
1252,11254063,1523805457,041_AHU5_CEV_EnteringTmp,70.952,
1253,11254064,1523805458,041_AHU5_CEV_DeltaT,2.971,
1254,11254065,1523805458,041_AHU5_CEV_LeavingTmp,73.924,
1255,11254066,1523805458,041_AHU5_CEV_AbsPower,0.000,
1256,11254067,1523805458,041_AHU5_CEV_ClgEnergy,325456.969,
1257,11254068,1523805458,041_AHU5_CEV_HtgEnergy,24.974,
1258,11254069,1523805458,041_AHU5_CEV_RelPower,0.000,
1259,11254070,1523805458,041_AHU5_CEV_CtrlMd,2,
1260,11254071,1523805459,041_AHU5_CEV_DeltaTMgrSts,1,
1261,11254072,1523805459,041_AHU5_CEV_DeltaTSp,0.000,
1262,11254073,1523805459,041_AHU5_CEV_Vmax,63.000,
1263,11254074,1523805459,041_AHU5_CEV_Vnom,76.082,
1264,11254075,1523805459,041_AHU5_CEV_DeltaTLimitation,1,
1265,11254076,1523805459,041_AHU6_CEV_RelPos,0.000,
1266,11254077,1523805460,041_AHU6_CEV_RelFlow,0.000,
1267,11254078,1523805460,041_AHU6_CEV_AbsFlow,0.000,
1268,11254079,1523805460,041_AHU6_CEV_EnteringTmp,66.513,
1269,11254080,1523805460,041_AHU6_CEV_DeltaT,5.806,
1270,11254081,1523805460,041_AHU6_CEV_LeavingTmp,72.319,
1271,11254082,1523805460,041_AHU6_CEV_AbsPower,0.000,
1272,11254083,1523805460,041_AHU6_CEV_ClgEnergy,343687.438,
1273,11254084,1523805461,041_AHU6_CEV_HtgEnergy,13.273,
1274,11254085,1523805461,041_AHU6_CEV_RelPower,0.000,
1275,11254086,1523805461,041_AHU6_CEV_CtrlMd,2,
1276,11254087,1523805461,041_AHU6_CEV_DeltaTMgrSts,1,
1277,11254088,1523805461,041_AHU6_CEV_DeltaTSp,0.000,
1278,11254089,1523805462,041_AHU6_CEV_Vmax,89.000,
1279,11254090,1523805462,041_AHU6_CEV_Vnom,39.626,
1280,11254091,1523805462,041_AHU6_CEV_DeltaTLimitation,1,
1281,11254092,1523805462,071_AHU1_CEV_RelPos,73.600,
1282,11254093,1523805462,071_AHU1_CEV_RelFlow,98.254,
1283,11254094,1523805462,071_AHU1_CEV_AbsFlow,27.643,
1284,11254095,1523805463,071_AHU1_CEV_EnteringTmp,43.665,
1285,11254096,1523805463,071_AHU1_CEV_DeltaT,0.958,
1286,11254097,1523805463,071_AHU1_CEV_LeavingTmp,44.623,
1287,11254098,1523805463,071_AHU1_CEV_AbsPower,13.403,
1288,11254099,1523805463,071_AHU1_CEV_ClgEnergy,239757.000,
1289,11254100,1523805463,071_AHU1_CEV_HtgEnergy,47.734,
1290,11254101,1523805463,071_AHU1_CEV_RelPower,6.287,
1291,11254102,1523805464,071_AHU1_CEV_CtrlMd,2,
1292,11254103,1523805464,071_AHU1_CEV_DeltaTMgrSts,1,
1294,11254104,1523805467,071_AHU1_CEV_Vmax,71.000,
1295,11254105,1523805467,071_AHU1_CEV_Vnom,39.626,
1296,11254106,1523805467,071_AHU1_CEV_DeltaTLimitation,1,
1297,11254107,1523805467,071_AHU2_CEV_RelPos,0.000,
1298,11254108,1523805467,071_AHU2_CEV_RelFlow,0.000,
1299,11254109,1523805467,071_AHU2_CEV_AbsFlow,0.000,
1300,11254110,1523805468,071_AHU2_CEV_EnteringTmp,65.998,
1301,11254111,1523805468,071_AHU2_CEV_DeltaT,3.454,
1302,11254112,1523805468,071_AHU2_CEV_LeavingTmp,69.461,
1303,11254113,1523805468,071_AHU2_CEV_AbsPower,0.000,
1304,11254114,1523805468,071_AHU2_CEV_ClgEnergy,63934.898,
1305,11254115,1523805468,071_AHU2_CEV_HtgEnergy,3.651,
1306,11254116,1523805468,071_AHU2_CEV_RelPower,0.000,
1307,11254117,1523805469,071_AHU2_CEV_CtrlMd,2,
1308,11254118,1523805469,071_AHU2_CEV_DeltaTMgrSts,1,
1309,11254119,1523805469,071_AHU2_CEV_DeltaTSp,0.000,
1310,11254120,1523805469,071_AHU2_CEV_Vmax,87.000,
1311,11254121,1523805469,071_AHU2_CEV_Vnom,28.531,
1312,11254122,1523805469,071_AHU2_CEV_DeltaTLimitation,1,
1313,11254123,1523805470,071_AHU7_CEV_RelPos,0.000,
1314,11254124,1523805470,071_AHU7_CEV_RelFlow,0.000,
1315,11254125,1523805470,071_AHU7_CEV_AbsFlow,0.000,
1316,11254126,1523805470,071_AHU7_CEV_EnteringTmp,72.627,
1317,11254127,1523805470,071_AHU7_CEV_DeltaT,1.014,
1318,11254128,1523805470,071_AHU7_CEV_LeavingTmp,71.609,
1319,11254129,1523805471,071_AHU7_CEV_AbsPower,0.000,
1321,11254130,1523805474,071_AHU7_CEV_HtgEnergy,8.757,
1322,11254131,1523805474,071_AHU7_CEV_RelPower,0.000,
1324,11254132,1523805477,071_AHU7_CEV_DeltaTMgrSts,1,
1325,11254133,1523805477,071_AHU7_CEV_DeltaTSp,0.000,
1326,11254134,1523805477,071_AHU7_CEV_Vmax,71.000,
1327,11254135,1523805477,071_AHU7_CEV_Vnom,28.531,
1328,11254136,1523805477,071_AHU7_CEV_DeltaTLimitation,1,
1329,11254137,1523805478,020_AHU1_CEV_RelPos,24.920,
1330,11254138,1523805478,020_AHU1_CEV_RelFlow,5.231,
1331,11254139,1523805478,020_AHU1_CEV_AbsFlow,10.463,
1332,11254140,1523805478,020_AHU1_CEV_EnteringTmp,45.334,
1333,11254141,1523805478,020_AHU1_CEV_DeltaT,10.282,
1334,11254142,1523805478,020_AHU1_CEV_LeavingTmp,55.606,
1335,11254143,1523805479,020_AHU1_CEV_AbsPower,53.944,
1336,11254144,1523805479,020_AHU1_CEV_ClgEnergy,5763577.000,
1337,11254145,1523805479,020_AHU1_CEV_HtgEnergy,196.715,
1338,11254146,1523805479,020_AHU1_CEV_RelPower,3.096,
1339,11254147,1523805479,020_AHU1_CEV_CtrlMd,2,
1340,11254148,1523805480,020_AHU1_CEV_DeltaTMgrSts,1,
1341,11254149,1523805480,020_AHU1_CEV_DeltaTSp,0.000,
1342,11254150,1523805480,020_AHU1_CEV_Vmax,76.000,
1343,11254151,1523805480,020_AHU1_CEV_Vnom,317.007,
1344,11254152,1523805480,020_AHU1_CEV_DeltaTLimitation,1,
1345,11254153,1523805480,02_AHU2_CEV_RelPos,21.740,
1346,11254154,1523805481,02_AHU2_CEV_RelFlow,5.620,
1347,11254155,1523805481,02_AHU2_CEV_AbsFlow,13.540,
1348,11254156,1523805481,02_AHU2_CEV_EnteringTmp,44.942,
1349,11254157,1523805481,02_AHU2_CEV_DeltaT,13.314,
1350,11254158,1523805481,02_AHU2_CEV_LeavingTmp,58.251,
1351,11254159,1523805481,02_AHU2_CEV_AbsPower,90.359,
1352,11254160,1523805481,02_AHU2_CEV_ClgEnergy,4640869.500,
1353,11254161,1523805482,02_AHU2_CEV_HtgEnergy,1903.071,
1354,11254162,1523805482,02_AHU2_CEV_RelPower,5.188,
1355,11254163,1523805482,02_AHU2_CEV_CtrlMd,2,
1356,11254164,1523805482,02_AHU2_CEV_DeltaTMgrSts,2,
1357,11254165,1523805482,02_AHU2_CEV_DeltaTSp,0.000,
1358,11254166,1523805482,02_AHU2_CEV_Vmax,76.000,
1359,11254167,1523805483,02_AHU2_CEV_Vnom,317.007,
1360,11254168,1523805483,02_AHU2_CEV_DeltaTLimitation,2,
1361,11254169,1523805483,133_AHU1_CEV_RelPos,34.630,
1362,11254170,1523805483,133_AHU1_CEV_RelFlow,29.122,
1363,11254171,1523805483,133_AHU1_CEV_AbsFlow,73.855,
1364,11254172,1523805483,133_AHU1_CEV_EnteringTmp,43.395,
1365,11254173,1523805484,133_AHU1_CEV_DeltaT,2.712,
1366,11254174,1523805484,133_AHU1_CEV_LeavingTmp,46.108,
1367,11254175,1523805484,133_AHU1_CEV_AbsPower,100.644,
1368,11254176,1523805484,133_AHU1_CEV_ClgEnergy,2376703.000,
1369,11254177,1523805484,133_AHU1_CEV_HtgEnergy,11521.338,
1370,11254178,1523805484,133_AHU1_CEV_RelPower,5.711,
1371,11254179,1523805485,133_AHU1_CEV_CtrlMd,2,
1372,11254180,1523805485,133_AHU1_CEV_DeltaTMgrSts,3,
1373,11254181,1523805485,133_AHU1_CEV_DeltaTSp,0.000,
1374,11254182,1523805485,133_AHU1_CEV_Vmax,80.000,
1375,11254183,1523805485,133_AHU1_CEV_Vnom,317.007,
1376,11254184,1523805486,133_AHU1_CEV_DeltaTLimitation,2,
1377,11254185,1523805486,133_AHU2_CEV_RelPos,0.000,
1378,11254186,1523805486,133_AHU2_CEV_RelFlow,0.000,
1379,11254187,1523805486,133_AHU2_CEV_AbsFlow,0.000,
1380,11254188,1523805486,133_AHU2_CEV_EnteringTmp,56.226,
1381,11254189,1523805487,133_AHU2_CEV_DeltaT,24.730,
1382,11254190,1523805487,133_AHU2_CEV_LeavingTmp,80.956,
1383,11254191,1523805487,133_AHU2_CEV_AbsPower,0.000,
1384,11254192,1523805487,133_AHU2_CEV_ClgEnergy,1445949.375,
1385,11254193,1523805487,133_AHU2_CEV_HtgEnergy,2627.109,
1386,11254194,1523805487,133_AHU2_CEV_RelPower,0.000,
1387,11254195,1523805488,133_AHU2_CEV_CtrlMd,2,
1388,11254196,1523805488,133_AHU2_CEV_DeltaTMgrSts,1,
1389,11254197,1523805488,133_AHU2_CEV_DeltaTSp,0.000,
1390,11254198,1523805488,133_AHU2_CEV_Vmax,80.000,
1391,11254199,1523805488,133_AHU2_CEV_Vnom,317.007,
1392,11254200,1523805489,133_AHU2_CEV_DeltaTLimitation,1,
1393,11254201,1523805489,133_AHU3_CEV_RelPos,13.590,
1394,11254202,1523805489,133_AHU3_CEV_RelFlow,6.048,
1395,11254203,1523805489,133_AHU3_CEV_AbsFlow,13.426,
1396,11254204,1523805489,133_AHU3_CEV_EnteringTmp,43.437,
1397,11254205,1523805489,133_AHU3_CEV_DeltaT,15.692,
1398,11254206,1523805490,133_AHU3_CEV_LeavingTmp,59.138,
1399,11254207,1523805490,133_AHU3_CEV_AbsPower,105.502,
1400,11254208,1523805490,133_AHU3_CEV_ClgEnergy,3525858.500,
1401,11254209,1523805490,133_AHU3_CEV_HtgEnergy,1572.201,
1402,11254210,1523805491,133_AHU3_CEV_RelPower,3.810,
1403,11254211,1523805491,133_AHU3_CEV_CtrlMd,2,
1404,11254212,1523805491,133_AHU3_CEV_DeltaTMgrSts,1,
1405,11254213,1523805491,133_AHU3_CEV_DeltaTSp,0.000,
1406,11254214,1523805492,133_AHU3_CEV_Vmax,71.000,
1407,11254215,1523805492,133_AHU3_CEV_Vnom,495.324,
1408,11254216,1523805492,133_AHU3_CEV_DeltaTLimitation,1,
1409,11254217,1523805493,133_AHU4_CEV_RelPos,28.400,
1410,11254218,1523805493,133_AHU4_CEV_RelFlow,13.720,
1411,11254219,1523805493,133_AHU4_CEV_AbsFlow,22.429,
1412,11254220,1523805493,133_AHU4_CEV_EnteringTmp,43.852,
1413,11254221,1523805493,133_AHU4_CEV_DeltaT,11.500,
1414,11254222,1523805493,133_AHU4_CEV_LeavingTmp,55.352,
1415,11254223,1523805494,133_AHU4_CEV_AbsPower,129.368,
1416,11254224,1523805494,133_AHU4_CEV_ClgEnergy,2098911.500,
1417,11254225,1523805494,133_AHU4_CEV_HtgEnergy,9.241,
1418,11254226,1523805494,133_AHU4_CEV_RelPower,12.627,
1419,11254227,1523805494,133_AHU4_CEV_CtrlMd,2,
1420,11254228,1523805494,133_AHU4_CEV_DeltaTMgrSts,2,
1421,11254229,1523805494,133_AHU4_CEV_DeltaTSp,0.000,
1422,11254230,1523805495,133_AHU4_CEV_Vmax,91.000,
1423,11254231,1523805495,133_AHU4_CEV_Vnom,179.638,
1424,11254232,1523805495,133_AHU4_CEV_DeltaTLimitation,2,
1425,11254233,1523805495,133_AHU5_CEV_RelPos,0.000,
1426,11254234,1523805495,133_AHU5_CEV_RelFlow,0.000,
1427,11254235,1523805495,133_AHU5_CEV_AbsFlow,0.000,
1428,11254236,1523805496,133_AHU5_CEV_EnteringTmp,58.005,
1429,11254237,1523805496,133_AHU5_CEV_DeltaT,7.694,
1430,11254238,1523805496,133_AHU5_CEV_LeavingTmp,65.699,
1431,11254239,1523805496,133_AHU5_CEV_AbsPower,0.000,
1432,11254240,1523805496,133_AHU5_CEV_ClgEnergy,126759.422,
1433,11254241,1523805497,133_AHU5_CEV_HtgEnergy,7.055,
1434,11254242,1523805497,133_AHU5_CEV_RelPower,0.000,
1435,11254243,1523805497,133_AHU5_CEV_CtrlMd,2,
1436,11254244,1523805497,133_AHU5_CEV_DeltaTMgrSts,2,
1437,11254245,1523805497,133_AHU5_CEV_DeltaTSp,0.000,
1438,11254246,1523805497,133_AHU5_CEV_Vmax,85.000,
1439,11254247,1523805498,133_AHU5_CEV_Vnom,39.626,
1440,11254248,1523805498,133_AHU5_CEV_DeltaTLimitation,2,
1441,11254249,1523805498,133_AHU1E_CEV_RelPos,22.140,
1442,11254250,1523805498,133_AHU1E_CEV_RelFlow,0.000,
1443,11254251,1523805498,133_AHU1E_CEV_AbsFlow,0.000,
1444,11254252,1523805498,133_AHU1E_CEV_EnteringTmp,43.114,
1445,11254253,1523805498,133_AHU1E_CEV_DeltaT,12.211,
1446,11254254,1523805499,133_AHU1E_CEV_LeavingTmp,55.329,
1447,11254255,1523805499,133_AHU1E_CEV_AbsPower,0.000,
1448,11254256,1523805499,133_AHU1E_CEV_ClgEnergy,2591690.500,
1449,11254257,1523805499,133_AHU1E_CEV_HtgEnergy,933.329,
1450,11254258,1523805499,133_AHU1E_CEV_RelPower,0.000,
1451,11254259,1523805499,133_AHU1E_CEV_CtrlMd,1,
1452,11254260,1523805499,133_AHU1E_CEV_DeltaTMgrSts,1,
1453,11254261,1523805500,133_AHU1E_CEV_DeltaTSp,0.000,
1454,11254262,1523805500,133_AHU1E_CEV_Vmax,91.000,
1455,11254263,1523805500,133_AHU1E_CEV_Vnom,179.638,
1456,11254264,1523805500,133_AHU1E_CEV_DeltaTLimitation,1,
1457,11254265,1523805500,133_AHU2E_CEV_RelPos,20.770,
1458,11254266,1523805500,133_AHU2E_CEV_RelFlow,0.000,
1459,11254267,1523805501,133_AHU2E_CEV_AbsFlow,0.000,
1460,11254268,1523805501,133_AHU2E_CEV_EnteringTmp,43.506,
1461,11254269,1523805501,133_AHU2E_CEV_DeltaT,9.091,
1462,11254270,1523805501,133_AHU2E_CEV_LeavingTmp,52.597,
1463,11254271,1523805501,133_AHU2E_CEV_AbsPower,0.000,
1464,11254272,1523805501,133_AHU2E_CEV_ClgEnergy,1047764.750,
1465,11254273,1523805502,133_AHU2E_CEV_HtgEnergy,5.233,
1466,11254274,1523805502,133_AHU2E_CEV_RelPower,0.000,
1467,11254275,1523805502,133_AHU2E_CEV_CtrlMd,2,
1468,11254276,1523805502,133_AHU2E_CEV_DeltaTMgrSts,2,
1469,11254277,1523805502,133_AHU2E_CEV_DeltaTSp,0.000,
1470,11254278,1523805502,133_AHU2E_CEV_Vmax,91.000,
1471,11254279,1523805503,133_AHU2E_CEV_Vnom,179.638,
1472,11254280,1523805503,133_AHU2E_CEV_DeltaTLimitation,2,
1473,11254281,1523805503,082_RTU1E_CEV_RelPos,33.140,
1474,11254282,1523805503,082_RTU1E_CEV_RelFlow,6.342,
1475,11254283,1523805503,082_RTU1E_CEV_AbsFlow,11.392,
1476,11254284,1523805503,082_RTU1E_CEV_EnteringTmp,44.314,
1477,11254285,1523805504,082_RTU1E_CEV_DeltaT,8.209,
1478,11254286,1523805504,082_RTU1E_CEV_LeavingTmp,52.523,
1479,11254287,1523805504,082_RTU1E_CEV_AbsPower,49.749,
1480,11254288,1523805505,082_RTU1E_CEV_ClgEnergy,1889806.000,
1481,11254289,1523805505,082_RTU1E_CEV_HtgEnergy,5588.141,
1482,11254290,1523805505,082_RTU1E_CEV_RelPower,4.853,
1484,11254291,1523805508,082_RTU1E_CEV_DeltaTMgrSts,1,
1485,11254292,1523805508,082_RTU1E_CEV_DeltaTSp,0.000,
1486,11254293,1523805508,082_RTU1E_CEV_Vmax,100.000,
1488,11254294,1523805511,082_RTU1E_CEV_DeltaTLimitation,1,
1489,11254295,1523805511,082_RTU1E_CEV_RelPos,0.000,
1490,11254296,1523805511,082_RTU1E_CEV_RelFlow,0.000,
1491,11254297,1523805511,082_RTU1E_CEV_AbsFlow,0.000,
1492,11254298,1523805511,082_RTU1E_CEV_EnteringTmp,65.764,
1493,11254299,1523805511,082_RTU1E_CEV_DeltaT,4.281,
1494,11254300,1523805512,082_RTU1E_CEV_LeavingTmp,70.044,
1495,11254301,1523805512,082_RTU1E_CEV_AbsPower,0.000,
1496,11254302,1523805512,082_RTU1E_CEV_ClgEnergy,1586825.250,
1497,11254303,1523805512,082_RTU1E_CEV_HtgEnergy,361.304,
1498,11254304,1523805512,082_RTU1E_CEV_RelPower,0.000,
1499,11254305,1523805513,082_RTU1E_CEV_CtrlMd,2,
1500,11254306,1523805513,082_RTU1E_CEV_DeltaTMgrSts,1,
1501,11254307,1523805513,082_RTU1E_CEV_DeltaTSp,0.000,
1502,11254308,1523805513,082_RTU1E_CEV_Vmax,100.000,
1503,11254309,1523805513,082_RTU1E_CEV_Vnom,179.638,
1504,11254310,1523805513,082_RTU1E_CEV_DeltaTLimitation,1,
1569,11254311,1523805687,161_VAVE_CECV_RelPos,0.000,
1570,11254312,1523805687,161_VAVE_CECV_RelFlow,0.000,
1571,11254313,1523805687,161_VAVE_CECV_AbsFlow,0.000,
1572,11254314,1523805687,161_VAVE_CECV_EnteringTmp,43.709,
1573,11254315,1523805687,161_VAVE_CECV_DeltaT,25.157,
1574,11254316,1523805688,161_VAVE_CECV_LeavingTmp,68.871,
1575,11254317,1523805688,161_VAVE_CECV_AbsPower,0.000,
1576,11254318,1523805688,161_VAVE_CECV_ClgEnergy,1727772.625,
1577,11254319,1523805688,161_VAVE_CECV_HtgEnergy,16.731,
1578,11254320,1523805688,161_VAVE_CECV_RelPower,0.000,
1579,11254321,1523805689,161_VAVE_CECV_CtrlMd,2,
1580,11254322,1523805689,161_VAVE_CECV_DeltaTMgrSts,1,
1581,11254323,1523805689,161_VAVE_CECV_DeltaTSp,0.000,
1582,11254324,1523805689,161_VAVE_CECV_Vmax,100.000,
1583,11254325,1523805689,161_VAVE_CECV_Vnom,495.324,
1584,11254326,1523805689,161_VAVE_CECV_DeltaTLimitation,1,
1586,11254327,1523805692,161_VAVC_CEV_1_RelFlow,7.357,
1587,11254328,1523805692,161_VAVC_CEV_1_AbsFlow,52.476,
1588,11254329,1523805692,161_VAVC_CEV_1_EnteringTmp,43.612,
1589,11254330,1523805692,161_VAVC_CEV_1_DeltaT,13.642,
1590,11254331,1523805692,161_VAVC_CEV_1_LeavingTmp,57.254,
1591,11254332,1523805693,161_VAVC_CEV_1_AbsPower,358.928,
1592,11254333,1523805693,161_VAVC_CEV_1_ClgEnergy,5852634.500,
1593,11254334,1523805694,161_VAVC_CEV_1_HtgEnergy,597.853,
1594,11254335,1523805694,161_VAVC_CEV_1_RelPower,9.453,
1595,11254336,1523805694,161_VAVC_CEV_1_CtrlMd,2,
1596,11254337,1523805694,161_VAVC_CEV_1_DeltaTMgrSts,1,
1597,11254338,1523805694,161_VAVC_CEV_1_DeltaTSp,0.000,
1598,11254339,1523805695,161_VAVC_CEV_1_Vmax,100.000,
1599,11254340,1523805695,161_VAVC_CEV_1_Vnom,713.267,
1600,11254341,1523805695,161_VAVC_CEV_1_DeltaTLimitation,1,
1601,11254342,1523805695,161_VAVC_CEV_2_RelPos,100.000,
1602,11254343,1523805695,161_VAVC_CEV_2_RelFlow,6.989,
1603,11254344,1523805696,161_VAVC_CEV_2_AbsFlow,49.852,
1604,11254345,1523805696,161_VAVC_CEV_2_EnteringTmp,43.538,
1605,11254346,1523805697,161_VAVC_CEV_2_DeltaT,13.845,
1606,11254347,1523805698,161_VAVC_CEV_2_LeavingTmp,57.383,
1607,11254348,1523805699,161_VAVC_CEV_2_AbsPower,364.631,
1609,11254349,1523805702,161_VAVC_CEV_2_HtgEnergy,195.334,
1610,11254350,1523805702,161_VAVC_CEV_2_RelPower,9.369,
1611,11254351,1523805702,161_VAVC_CEV_2_CtrlMd,2,
1612,11254352,1523805702,161_VAVC_CEV_2_DeltaTMgrSts,1,
1613,11254353,1523805702,161_VAVC_CEV_2_DeltaTSp,0.000,
1614,11254354,1523805703,161_VAVC_CEV_2_Vmax,100.000,
1615,11254355,1523805703,161_VAVC_CEV_2_Vnom,713.267,
1616,11254356,1523805704,161_VAVC_CEV_2_DeltaTLimitation,1,
1617,11254357,1523805705,161_VAVW_CEV_RelPos,22.490,
1619,11254358,1523805705,161_VAVW_CEV_AbsFlow,18.464,
1620,11254359,1523805705,161_VAVW_CEV_EnteringTmp,44.194,
1621,11254360,1523805705,161_VAVW_CEV_DeltaT,5.062,
1622,11254361,1523805705,161_VAVW_CEV_LeavingTmp,49.256,
1623,11254362,1523805706,161_VAVW_CEV_AbsPower,46.922,
1624,11254363,1523805706,161_VAVW_CEV_ClgEnergy,1612101.500,
1625,11254364,1523805707,161_VAVW_CEV_HtgEnergy,0.112,
1626,11254365,1523805707,161_VAVW_CEV_RelPower,2.696,
1627,11254366,1523805707,161_VAVW_CEV_CtrlMd,2,
1628,11254367,1523805707,161_VAVW_CEV_DeltaTMgrSts,1,
1629,11254368,1523805707,161_VAVW_CEV_DeltaTSp,0.000,
1630,11254369,1523805707,161_VAVW_CEV_Vmax,100.000,
1631,11254370,1523805708,161_VAVW_CEV_Vnom,317.007,
1632,11254371,1523805708,161_VAVW_CEV_DeltaTLimitation,1,
1633,11254372,1523805708,161_MAUE_CEV_RelPos,21.710,
1634,11254373,1523805708,161_MAUE_CEV_RelFlow,4.280,
1635,11254374,1523805708,161_MAUE_CEV_AbsFlow,20.139,
1636,11254375,1523805709,161_MAUE_CEV_EnteringTmp,43.843,
1637,11254376,1523805709,161_MAUE_CEV_DeltaT,18.139,
1638,11254377,1523805709,161_MAUE_CEV_LeavingTmp,61.912,
1639,11254378,1523805709,161_MAUE_CEV_AbsPower,182.289,
1640,11254379,1523805709,161_MAUE_CEV_ClgEnergy,1621984.500,
1641,11254380,1523805710,161_MAUE_CEV_HtgEnergy,92.157,
1642,11254381,1523805710,161_MAUE_CEV_RelPower,6.573,
1643,11254382,1523805710,161_MAUE_CEV_CtrlMd,2,
1644,11254383,1523805710,161_MAUE_CEV_DeltaTMgrSts,1,
1645,11254384,1523805710,161_MAUE_CEV_DeltaTSp,0.000,
1646,11254385,1523805710,161_MAUE_CEV_Vmax,95.000,
1647,11254386,1523805711,161_MAUE_CEV_Vnom,495.324,
1648,11254387,1523805711,161_MAUE_CEV_DeltaTLimitation,1,
1649,11254388,1523805711,161_MAUW_CEV_RelPos,13.630,
1650,11254389,1523805711,161_MAUW_CEV_RelFlow,0.000,
1651,11254390,1523805711,161_MAUW_CEV_AbsFlow,0.000,
1652,11254391,1523805712,161_MAUW_CEV_EnteringTmp,44.840,
1653,11254392,1523805712,161_MAUW_CEV_DeltaT,28.058,
1654,11254393,1523805713,161_MAUW_CEV_LeavingTmp,72.888,
1655,11254394,1523805713,161_MAUW_CEV_AbsPower,0.000,
1656,11254395,1523805713,161_MAUW_CEV_ClgEnergy,1964010.750,
1657,11254396,1523805713,161_MAUW_CEV_HtgEnergy,153216.516,
1658,11254397,1523805713,161_MAUW_CEV_RelPower,0.000,
1659,11254398,1523805713,161_MAUW_CEV_CtrlMd,1,
1660,11254399,1523805714,161_MAUW_CEV_DeltaTMgrSts,1,
1661,11254400,1523805714,161_MAUW_CEV_DeltaTSp,0.000,
1662,11254401,1523805715,161_MAUW_CEV_Vmax,100.000,
1663,11254402,1523805715,161_MAUW_CEV_Vnom,713.267,
1664,11254403,1523805715,161_MAUW_CEV_DeltaTLimitation,1,
1665,11254404,1523805715,085_MZU1_CEV_RelPos,0.000,
1666,11254405,1523805715,085_MZU1_CEV_RelFlow,0.000,
1667,11254406,1523805715,085_MZU1_CEV_AbsFlow,0.000,
1668,11254407,1523805716,085_MZU1_CEV_EnteringTmp,44.609,
1669,11254408,1523805716,085_MZU1_CEV_DeltaT,16.881,
1670,11254409,1523805716,085_MZU1_CEV_LeavingTmp,61.490,
1671,11254410,1523805716,085_MZU1_CEV_AbsPower,0.000,
1672,11254411,1523805716,085_MZU1_CEV_ClgEnergy,1415138.375,
1673,11254412,1523805716,085_MZU1_CEV_HtgEnergy,63.735,
1674,11254413,1523805717,085_MZU1_CEV_RelPower,0.000,
1675,11254414,1523805717,085_MZU1_CEV_CtrlMd,2,
1676,11254415,1523805717,085_MZU1_CEV_DeltaTMgrSts,1,
1677,11254416,1523805717,085_MZU1_CEV_DeltaTSp,0.000,
1678,11254417,1523805717,085_MZU1_CEV_Vmax,100.000,
1679,11254418,1523805717,085_MZU1_CEV_Vnom,317.007,
1680,11254419,1523805718,085_MZU1_CEV_DeltaTLimitation,1,
1681,11254420,1523805718,085_MZU2_CEV_RelPos,18.420,
1682,11254421,1523805718,085_MZU2_CEV_RelFlow,3.495,
1683,11254422,1523805718,085_MZU2_CEV_AbsFlow,11.078,
1684,11254423,1523805719,085_MZU2_CEV_EnteringTmp,44.498,
1686,11254424,1523805722,085_MZU2_CEV_LeavingTmp,59.676,
1687,11254425,1523805722,085_MZU2_CEV_AbsPower,79.627,
1688,11254426,1523805722,085_MZU2_CEV_ClgEnergy,1652848.500,
1689,11254427,1523805722,085_MZU2_CEV_HtgEnergy,191.748,
1690,11254428,1523805722,085_MZU2_CEV_RelPower,4.570,
1691,11254429,1523805722,085_MZU2_CEV_CtrlMd,2,
1692,11254430,1523805723,085_MZU2_CEV_DeltaTMgrSts,1,
1693,11254431,1523805723,085_MZU2_CEV_DeltaTSp,0.000,
1694,11254432,1523805723,085_MZU2_CEV_Vmax,100.000,
1695,11254433,1523805723,085_MZU2_CEV_Vnom,317.007,
1696,11254434,1523805723,085_MZU2_CEV_DeltaTLimitation,1,
1697,11254435,1523805723,085_AHU1R_CEV_RelPos,0.000,
1698,11254436,1523805724,085_AHU1R_CEV_RelFlow,0.000,
1699,11254437,1523805724,085_AHU1R_CEV_AbsFlow,0.000,
1700,11254438,1523805724,085_AHU1R_CEV_EnteringTmp,126.774,
1701,11254439,1523805724,085_AHU1R_CEV_DeltaT,26.090,
1702,11254440,1523805724,085_AHU1R_CEV_LeavingTmp,100.684,
1703,11254441,1523805724,085_AHU1R_CEV_AbsPower,0.000,
1704,11254442,1523805725,085_AHU1R_CEV_ClgEnergy,1354372.625,
1705,11254443,1523805725,085_AHU1R_CEV_HtgEnergy,1221.462,
1706,11254444,1523805725,085_AHU1R_CEV_RelPower,0.000,
1707,11254445,1523805725,085_AHU1R_CEV_CtrlMd,2,
1708,11254446,1523805725,085_AHU1R_CEV_DeltaTMgrSts,2,
1709,11254447,1523805725,085_AHU1R_CEV_DeltaTSp,0.000,
1710,11254448,1523805726,085_AHU1R_CEV_Vmax,68.000,
1711,11254449,1523805726,085_AHU1R_CEV_Vnom,76.082,
1712,11254450,1523805726,085_AHU1R_CEV_DeltaTLimitation,2,
1729,11254451,1523805774,120_AHU103C_CEV_RelPos,0.000,
1730,11254452,1523805774,120_AHU103C_CEV_RelFlow,0.000,
1731,11254453,1523805774,120_AHU103C_CEV_AbsFlow,0.000,
1733,11254454,1523805777,120_AHU103C_CEV_DeltaT,0.035,
1734,11254455,1523805777,120_AHU103C_CEV_LeavingTmp,70.523,
1735,11254456,1523805777,120_AHU103C_CEV_AbsPower,0.000,
1736,11254457,1523805778,120_AHU103C_CEV_ClgEnergy,58620.020,
1737,11254458,1523805778,120_AHU103C_CEV_HtgEnergy,139.425,
1738,11254459,1523805778,120_AHU103C_CEV_RelPower,0.000,
1739,11254460,1523805778,120_AHU103C_CEV_CtrlMd,1,
1740,11254461,1523805778,120_AHU103C_CEV_DeltaTMgrSts,1,
1741,11254462,1523805779,120_AHU103C_CEV_DeltaTSp,0.000,
1742,11254463,1523805779,120_AHU103C_CEV_Vmax,63.000,
1743,11254464,1523805779,120_AHU103C_CEV_Vnom,76.082,
1744,11254465,1523805779,120_AHU103C_CEV_DeltaTLimitation,1,
1745,11254466,1523805779,120_AHU107_CEV_RelPos,0.000,
1746,11254467,1523805779,120_AHU107_CEV_RelFlow,0.000,
1747,11254468,1523805780,120_AHU107_CEV_AbsFlow,0.000,
1748,11254469,1523805780,120_AHU107_CEV_EnteringTmp,80.593,
1749,11254470,1523805780,120_AHU107_CEV_DeltaT,0.151,
1750,11254471,1523805780,120_AHU107_CEV_LeavingTmp,80.437,
1751,11254472,1523805781,120_AHU107_CEV_AbsPower,0.000,
1752,11254473,1523805781,120_AHU107_CEV_ClgEnergy,2026.984,
1753,11254474,1523805781,120_AHU107_CEV_HtgEnergy,0.516,
1754,11254475,1523805781,120_AHU107_CEV_RelPower,0.000,
1755,11254476,1523805781,120_AHU107_CEV_CtrlMd,2,
1756,11254477,1523805781,120_AHU107_CEV_DeltaTMgrSts,1,
1757,11254478,1523805782,120_AHU107_CEV_DeltaTSp,0.000,
1758,11254479,1523805782,120_AHU107_CEV_Vmax,71.000,
1759,11254480,1523805782,120_AHU107_CEV_Vnom,28.531,
1760,11254481,1523805782,120_AHU107_CEV_DeltaTLimitation,1,
1,11254482,1523805806,136A_Ahu1_CEV_RelPos,0.000,
2,11254483,1523805809,136A_Ahu1_CEV_RelFlow,0.000,
3,11254484,1523805809,136A_Ahu1_CEV_AbsFlow,0.000,
4,11254485,1523805815,136A_Ahu1_CEV_EnteringTmp,66.330,
5,11254486,1523805815,136A_Ahu1_CEV_DeltaT,3.019,
6,11254487,1523805818,136A_Ahu1_CEV_LeavingTmp,69.349,
7,11254488,1523805821,136A_Ahu1_CEV_AbsPower,0.000,
8,11254489,1523805821,136A_Ahu1_CEV_ClgEnergy,10350994.000,
9,11254490,1523805821,136A_Ahu1_CEV_HtgEnergy,217.173,
10,11254491,1523805830,136A_Ahu1_CEV_RelPower,0.000,
11,11254492,1523805830,136A_Ahu1_CEV_CtrlMd,2,
12,11254493,1523805830,136A_Ahu1_CEV_DeltaTMgrSts,1,
13,11254494,1523805830,136A_Ahu1_CEV_DeltaTSp,0.000,
14,11254495,1523805833,136A_Ahu1_CEV_Vmax,95.000,
15,11254496,1523805833,136A_Ahu1_CEV_Vnom,713.267,
16,11254497,1523805833,136A_Ahu1_CEV_DeltaTLimitation,1,
17,11254498,1523805836,136A_Ahu2_CEV_RelPos,0.290,
18,11254499,1523805839,136A_Ahu2_CEV_RelFlow,0.000,
19,11254500,1523805845,136A_Ahu2_CEV_AbsFlow,0.000,
20,11254501,1523805845,136A_Ahu2_CEV_EnteringTmp,46.755,
21,11254502,1523805845,136A_Ahu2_CEV_DeltaT,10.688,
22,11254503,1523805845,136A_Ahu2_CEV_LeavingTmp,57.443,
23,11254504,1523805845,136A_Ahu2_CEV_AbsPower,0.000,
24,11254505,1523805848,136A_Ahu2_CEV_ClgEnergy,8610613.000,
25,11254506,1523805848,136A_Ahu2_CEV_HtgEnergy,19760.598,
26,11254507,1523805848,136A_Ahu2_CEV_RelPower,0.000,
27,11254508,1523805851,136A_Ahu2_CEV_CtrlMd,2,
28,11254509,1523805851,136A_Ahu2_CEV_DeltaTMgrSts,1,
29,11254510,1523805858,136A_Ahu2_CEV_DeltaTSp,0.000,
30,11254511,1523805858,136A_Ahu2_CEV_Vmax,78.000,
31,11254512,1523805858,136A_Ahu2_CEV_Vnom,713.267,
32,11254513,1523805864,136A_Ahu2_CEV_DeltaTLimitation,1,
1793,11254514,1523805879,022_AHU305_CEV_RelPos,0.000,
1794,11254515,1523805879,022_AHU305_CEV_RelFlow,0.000,
1795,11254516,1523805879,022_AHU305_CEV_AbsFlow,0.000,
1796,11254517,1523805879,022_AHU305_CEV_EnteringTmp,64.114,
1797,11254518,1523805879,022_AHU305_CEV_DeltaT,0.174,
1798,11254519,1523805879,022_AHU305_CEV_LeavingTmp,64.288,
1799,11254520,1523805880,022_AHU305_CEV_AbsPower,0.000,
1800,11254521,1523805880,022_AHU305_CEV_ClgEnergy,97.798,
1801,11254522,1523805880,022_AHU305_CEV_HtgEnergy,231239.641,
1802,11254523,1523805880,022_AHU305_CEV_RelPower,0.000,
1803,11254524,1523805880,022_AHU305_CEV_CtrlMd,2,
1804,11254525,1523805881,022_AHU305_CEV_DeltaTMgrSts,1,
1805,11254526,1523805881,022_AHU305_CEV_DeltaTSp,0.000,
1806,11254527,1523805881,022_AHU305_CEV_Vmax,65.000,
1807,11254528,1523805881,022_AHU305_CEV_Vnom,76.082,
1808,11254529,1523805881,022_AHU305_CEV_DeltaTLimitation,1,
65,11254530,1523805977,001_OAU_CEV_RelPos,0.000,
66,11254531,1523805977,001_OAU_CEV_RelFlow,0.000,
67,11254532,1523805977,001_OAU_CEV_AbsFlow,0.000,
68,11254533,1523805977,001_OAU_CEV_EnteringTmp,67.575,
69,11254534,1523805977,001_OAU_CEV_DeltaT,0.879,
70,11254535,1523805978,001_OAU_CEV_LeavingTmp,68.454,
71,11254536,1523805978,001_OAU_CEV_AbsPower,0.000,
72,11254537,1523805978,001_OAU_CEV_ClgEnergy,377165.094,
73,11254538,1523805978,001_OAU_CEV_HtgEnergy,8.570,
74,11254539,1523805978,001_OAU_CEV_RelPower,0.000,
75,11254540,1523805978,001_OAU_CEV_CtrlMd,2,
76,11254541,1523805979,001_OAU_CEV_DeltaTMgrSts,1,
77,11254542,1523805979,001_OAU_CEV_DeltaTSp,0.000,
78,11254543,1523805979,001_OAU_CEV_Vmax,55.000,
79,11254544,1523805979,001_OAU_CEV_Vnom,76.082,
80,11254545,1523805979,001_OAU_CEV_DeltaTLimitation,1,
81,11254546,1523805979,009_AHU2_CEV_RelPos,75.623,
97,11254547,1523805981,009_AHU1R_CEV_RelPos,0.440,
98,11254548,1523805981,009_AHU1R_CEV_RelFlow,0.000,
99,11254549,1523805981,009_AHU1R_CEV_AbsFlow,0.000,
100,11254550,1523805982,009_AHU1R_CEV_EnteringTmp,45.322,
101,11254551,1523805982,009_AHU1R_CEV_DeltaT,15.236,
102,11254552,1523805982,009_AHU1R_CEV_LeavingTmp,60.558,
103,11254553,1523805982,009_AHU1R_CEV_AbsPower,0.000,
104,11254554,1523805982,009_AHU1R_CEV_ClgEnergy,662343.750,
105,11254555,1523805983,009_AHU1R_CEV_HtgEnergy,162.868,
106,11254556,1523805983,009_AHU1R_CEV_RelPower,0.000,
107,11254557,1523805983,009_AHU1R_CEV_CtrlMd,2,
108,11254558,1523805983,009_AHU1R_CEV_DeltaTMgrSts,1,
109,11254559,1523805983,009_AHU1R_CEV_DeltaTSp,0.000,
110,11254560,1523805983,009_AHU1R_CEV_Vmax,78.000,
111,11254561,1523805984,009_AHU1R_CEV_Vnom,76.082,
112,11254562,1523805984,009_AHU1R_CEV_DeltaTLimitation,1,
129,11254563,1523806032,027_BC1_CEV_RelPos,0.000,
130,11254564,1523806032,027_BC1_CEV_RelFlow,0.000,
131,11254565,1523806032,027_BC1_CEV_AbsFlow,0.000,
132,11254566,1523806032,027_BC1_CEV_EnteringTmp,71.449,
133,11254567,1523806032,027_BC1_CEV_DeltaT,5.050,
134,11254568,1523806033,027_BC1_CEV_LeavingTmp,76.503,
135,11254569,1523806033,027_BC1_CEV_AbsPower,0.000,
136,11254570,1523806033,027_BC1_CEV_ClgEnergy,111454.164,
137,11254571,1523806033,027_BC1_CEV_HtgEnergy,0.506,
138,11254572,1523806033,027_BC1_CEV_RelPower,0.000,
139,11254573,1523806034,027_BC1_CEV_CtrlMd,2,
140,11254574,1523806034,027_BC1_CEV_DeltaTMgrSts,1,
141,11254575,1523806034,027_BC1_CEV_DeltaTSp,0.000,
142,11254576,1523806034,027_BC1_CEV_Vmax,80.000,
143,11254577,1523806034,027_BC1_CEV_Vnom,18.228,
144,11254578,1523806034,027_BC1_CEV_DeltaTLimitation,1,
145,11254579,1523806035,027_AHU1W_CEV_RelPos,0.150,
146,11254580,1523806035,027_AHU1W_CEV_RelFlow,0.000,
147,11254581,1523806035,027_AHU1W_CEV_AbsFlow,0.000,
148,11254582,1523806035,027_AHU1W_CEV_EnteringTmp,68.452,
149,11254583,1523806035,027_AHU1W_CEV_DeltaT,3.032,
150,11254584,1523806035,027_AHU1W_CEV_LeavingTmp,71.484,
151,11254585,1523806036,027_AHU1W_CEV_AbsPower,0.000,
152,11254586,1523806036,027_AHU1W_CEV_ClgEnergy,48391.020,
153,11254587,1523806036,027_AHU1W_CEV_HtgEnergy,0.462,
154,11254588,1523806036,027_AHU1W_CEV_RelPower,0.000,
155,11254589,1523806036,027_AHU1W_CEV_CtrlMd,2,
156,11254590,1523806036,027_AHU1W_CEV_DeltaTMgrSts,1,
157,11254591,1523806037,027_AHU1W_CEV_DeltaTSp,0.000,
158,11254592,1523806037,027_AHU1W_CEV_Vmax,63.000,
159,11254593,1523806038,027_AHU1W_CEV_Vnom,18.228,
160,11254594,1523806038,027_AHU1W_CEV_DeltaTLimitation,1,
161,11254595,1523806038,027_BC2_CEV_RelPos,12.590,
162,11254596,1523806039,027_BC2_CEV_RelFlow,0.000,
163,11254597,1523806039,027_BC2_CEV_AbsFlow,0.000,
164,11254598,1523806039,027_BC2_CEV_EnteringTmp,61.382,
165,11254599,1523806039,027_BC2_CEV_DeltaT,8.886,
166,11254600,1523806039,027_BC2_CEV_LeavingTmp,70.273,
167,11254601,1523806040,027_BC2_CEV_AbsPower,0.000,
168,11254602,1523806040,027_BC2_CEV_ClgEnergy,312351.906,
169,11254603,1523806040,027_BC2_CEV_HtgEnergy,12.915,
170,11254604,1523806040,027_BC2_CEV_RelPower,0.000,
171,11254605,1523806040,027_BC2_CEV_CtrlMd,2,
172,11254606,1523806040,027_BC2_CEV_DeltaTMgrSts,1,
173,11254607,1523806041,027_BC2_CEV_DeltaTSp,0.000,
174,11254608,1523806041,027_BC2_CEV_Vmax,100.000,
175,11254609,1523806041,027_BC2_CEV_Vnom,18.228,
176,11254610,1523806041,027_BC2_CEV_DeltaTLimitation,1,
177,11254611,1523806041,027_AHU2E_CEV_RelPos,0.000,
178,11254612,1523806041,027_AHU2E_CEV_RelFlow,0.000,
179,11254613,1523806041,027_AHU2E_CEV_AbsFlow,0.000,
180,11254614,1523806042,027_AHU2E_CEV_EnteringTmp,78.639,
181,11254615,1523806042,027_AHU2E_CEV_DeltaT,2.053,
182,11254616,1523806042,027_AHU2E_CEV_LeavingTmp,76.587,
183,11254617,1523806042,027_AHU2E_CEV_AbsPower,0.000,
184,11254618,1523806042,027_AHU2E_CEV_ClgEnergy,126658.578,
185,11254619,1523806043,027_AHU2E_CEV_HtgEnergy,32.143,
186,11254620,1523806043,027_AHU2E_CEV_RelPower,0.000,
187,11254621,1523806043,027_AHU2E_CEV_CtrlMd,2,
188,11254622,1523806043,027_AHU2E_CEV_DeltaTMgrSts,1,
189,11254623,1523806043,027_AHU2E_CEV_DeltaTSp,0.000,
190,11254624,1523806043,027_AHU2E_CEV_Vmax,63.000,
191,11254625,1523806044,027_AHU2E_CEV_Vnom,18.228,
192,11254626,1523806044,027_AHU2E_CEV_DeltaTLimitation,1,
193,11254627,1523806044,027_AHU3_CEV_RelPos,0.000,
194,11254628,1523806044,027_AHU3_CEV_RelFlow,0.000,
195,11254629,1523806044,027_AHU3_CEV_AbsFlow,0.000,
196,11254630,1523806044,027_AHU3_CEV_EnteringTmp,72.734,
197,11254631,1523806044,027_AHU3_CEV_DeltaT,3.004,
198,11254632,1523806045,027_AHU3_CEV_LeavingTmp,75.738,
199,11254633,1523806045,027_AHU3_CEV_AbsPower,0.000,
200,11254634,1523806045,027_AHU3_CEV_ClgEnergy,150430.203,
201,11254635,1523806045,027_AHU3_CEV_HtgEnergy,8.728,
202,11254636,1523806045,027_AHU3_CEV_RelPower,0.000,
203,11254637,1523806045,027_AHU3_CEV_CtrlMd,2,
204,11254638,1523806046,027_AHU3_CEV_DeltaTMgrSts,1,
205,11254639,1523806046,027_AHU3_CEV_DeltaTSp,0.000,
206,11254640,1523806046,027_AHU3_CEV_Vmax,78.000,
207,11254641,1523806046,027_AHU3_CEV_Vnom,18.228,
208,11254642,1523806046,027_AHU3_CEV_DeltaTLimitation,1,
209,11254643,1523806046,027_AHU4_CEV_RelPos,0.000,
210,11254644,1523806047,027_AHU4_CEV_RelFlow,0.000,
211,11254645,1523806047,027_AHU4_CEV_AbsFlow,0.000,
212,11254646,1523806047,027_AHU4_CEV_EnteringTmp,70.201,
213,11254647,1523806047,027_AHU4_CEV_DeltaT,2.897,
214,11254648,1523806047,027_AHU4_CEV_LeavingTmp,73.112,
215,11254649,1523806048,027_AHU4_CEV_AbsPower,0.000,
216,11254650,1523806048,027_AHU4_CEV_ClgEnergy,121277.516,
217,11254651,1523806048,027_AHU4_CEV_HtgEnergy,4.433,
218,11254652,1523806048,027_AHU4_CEV_RelPower,0.000,
219,11254653,1523806048,027_AHU4_CEV_CtrlMd,2,
220,11254654,1523806048,027_AHU4_CEV_DeltaTMgrSts,1,
221,11254655,1523806049,027_AHU4_CEV_DeltaTSp,0.000,
222,11254656,1523806049,027_AHU4_CEV_Vmax,68.000,
223,11254657,1523806049,027_AHU4_CEV_Vnom,18.228,
224,11254658,1523806049,027_AHU4_CEV_DeltaTLimitation,1,
225,11254659,1523806049,027_AHu1_CEV_RelPos,0.000,
226,11254660,1523806049,027_AHu1_CEV_RelFlow,0.000,
227,11254661,1523806050,027_AHu1_CEV_AbsFlow,0.000,
228,11254662,1523806050,027_AHu1_CEV_EnteringTmp,71.050,
229,11254663,1523806050,027_AHu1_CEV_DeltaT,2.364,
230,11254664,1523806050,027_AHu1_CEV_LeavingTmp,73.413,
231,11254665,1523806050,027_AHu1_CEV_AbsPower,0.000,
232,11254666,1523806051,027_AHu1_CEV_ClgEnergy,89471.531,
233,11254667,1523806051,027_AHu1_CEV_HtgEnergy,0.208,
234,11254668,1523806051,027_AHu1_CEV_RelPower,0.000,
235,11254669,1523806051,027_AHu1_CEV_CtrlMd,2,
236,11254670,1523806051,027_AHu1_CEV_DeltaTMgrSts,1,
237,11254671,1523806051,027_AHu1_CEV_DeltaTSp,0.000,
238,11254672,1523806052,027_AHu1_CEV_Vmax,97.000,
239,11254673,1523806052,027_AHu1_CEV_Vnom,10.303,
240,11254674,1523806052,027_AHu1_CEV_DeltaTLimitation,1,
241,11254675,1523806052,027_AHu2_CEV_RelPos,0.000,
242,11254676,1523806052,027_AHu2_CEV_RelFlow,0.000,
243,11254677,1523806053,027_AHu2_CEV_AbsFlow,0.000,
244,11254678,1523806053,027_AHu2_CEV_EnteringTmp,70.196,
245,11254679,1523806053,027_AHu2_CEV_DeltaT,2.429,
246,11254680,1523806053,027_AHu2_CEV_LeavingTmp,72.620,
247,11254681,1523806053,027_AHu2_CEV_AbsPower,0.000,
248,11254682,1523806054,027_AHu2_CEV_ClgEnergy,149069.422,
249,11254683,1523806054,027_AHu2_CEV_HtgEnergy,2.849,
250,11254684,1523806054,027_AHu2_CEV_RelPower,0.000,
251,11254685,1523806054,027_AHu2_CEV_CtrlMd,2,
252,11254686,1523806054,027_AHu2_CEV_DeltaTMgrSts,1,
253,11254687,1523806055,027_AHu2_CEV_DeltaTSp,0.000,
254,11254688,1523806055,027_AHu2_CEV_Vmax,68.000,
255,11254689,1523806055,027_AHu2_CEV_Vnom,18.228,
256,11254690,1523806055,027_AHu2_CEV_DeltaTLimitation,1,
257,11254691,1523806055,091_AHU101_CEV_RelPos,0.000,
258,11254692,1523806055,091_AHU101_CEV_RelFlow,0.000,
259,11254693,1523806056,091_AHU101_CEV_AbsFlow,0.000,
260,11254694,1523806056,091_AHU101_CEV_EnteringTmp,73.372,
261,11254695,1523806056,091_AHU101_CEV_DeltaT,4.239,
262,11254696,1523806056,091_AHU101_CEV_LeavingTmp,77.602,
263,11254697,1523806056,091_AHU101_CEV_AbsPower,0.000,
264,11254698,1523806057,091_AHU101_CEV_ClgEnergy,460437.969,
265,11254699,1523806057,091_AHU101_CEV_HtgEnergy,64.521,
266,11254700,1523806057,091_AHU101_CEV_RelPower,0.000,
267,11254701,1523806057,091_AHU101_CEV_CtrlMd,2,
268,11254702,1523806057,091_AHU101_CEV_DeltaTMgrSts,1,
269,11254703,1523806057,091_AHU101_CEV_DeltaTSp,0.000,
270,11254704,1523806058,091_AHU101_CEV_Vmax,63.000,
271,11254705,1523806058,091_AHU101_CEV_Vnom,126.803,
272,11254706,1523806058,091_AHU101_CEV_DeltaTLimitation,1,
273,11254707,1523806058,091_AHU102_CEV_RelPos,0.000,
274,11254708,1523806058,091_AHU102_CEV_RelFlow,0.000,
275,11254709,1523806058,091_AHU102_CEV_AbsFlow,0.000,
276,11254710,1523806059,091_AHU102_CEV_EnteringTmp,74.102,
277,11254711,1523806059,091_AHU102_CEV_DeltaT,1.761,
278,11254712,1523806059,091_AHU102_CEV_LeavingTmp,75.858,
279,11254713,1523806059,091_AHU102_CEV_AbsPower,0.000,
280,11254714,1523806059,091_AHU102_CEV_ClgEnergy,183862.063,
281,11254715,1523806059,091_AHU102_CEV_HtgEnergy,39.675,
282,11254716,1523806060,091_AHU102_CEV_RelPower,0.000,
283,11254717,1523806060,091_AHU102_CEV_CtrlMd,2,
284,11254718,1523806060,091_AHU102_CEV_DeltaTMgrSts,1,
285,11254719,1523806060,091_AHU102_CEV_DeltaTSp,0.000,
286,11254720,1523806060,091_AHU102_CEV_Vmax,93.000,
287,11254721,1523806061,091_AHU102_CEV_Vnom,28.531,
288,11254722,1523806061,091_AHU102_CEV_DeltaTLimitation,1,
289,11254723,1523806061,091_AHU103_CEV_RelPos,0.000,
290,11254724,1523806061,091_AHU103_CEV_RelFlow,0.000,
291,11254725,1523806061,091_AHU103_CEV_AbsFlow,0.000,
292,11254726,1523806061,091_AHU103_CEV_EnteringTmp,71.982,
293,11254727,1523806062,091_AHU103_CEV_DeltaT,0.851,
294,11254728,1523806062,091_AHU103_CEV_LeavingTmp,72.834,
295,11254729,1523806062,091_AHU103_CEV_AbsPower,0.000,
296,11254730,1523806062,091_AHU103_CEV_ClgEnergy,207923.859,
297,11254731,1523806062,091_AHU103_CEV_HtgEnergy,16.882,
298,11254732,1523806062,091_AHU103_CEV_RelPower,0.000,
299,11254733,1523806063,091_AHU103_CEV_CtrlMd,2,
300,11254734,1523806063,091_AHU103_CEV_DeltaTMgrSts,1,
301,11254735,1523806063,091_AHU103_CEV_DeltaTSp,0.000,
302,11254736,1523806063,091_AHU103_CEV_Vmax,100.000,
303,11254737,1523806063,091_AHU103_CEV_Vnom,39.626,
304,11254738,1523806064,091_AHU103_CEV_DeltaTLimitation,1,
305,11254739,1523806064,091_AHU01_CEV_1_RelPos,0.000,
306,11254740,1523806064,091_AHU01_CEV_1_RelFlow,0.000,
307,11254741,1523806064,091_AHU01_CEV_1_AbsFlow,0.000,
309,11254742,1523806067,091_AHU01_CEV_1_DeltaT,0.824,
310,11254743,1523806067,091_AHU01_CEV_1_LeavingTmp,68.973,
311,11254744,1523806067,091_AHU01_CEV_1_AbsPower,0.000,
312,11254745,1523806067,091_AHU01_CEV_1_ClgEnergy,5418299.000,
313,11254746,1523806067,091_AHU01_CEV_1_HtgEnergy,3143.409,
314,11254747,1523806068,091_AHU01_CEV_1_RelPower,0.000,
315,11254748,1523806068,091_AHU01_CEV_1_CtrlMd,2,
316,11254749,1523806068,091_AHU01_CEV_1_DeltaTMgrSts,1,
317,11254750,1523806068,091_AHU01_CEV_1_DeltaTSp,0.000,
318,11254751,1523806068,091_AHU01_CEV_1_Vmax,97.000,
319,11254752,1523806069,091_AHU01_CEV_1_Vnom,495.324,
320,11254753,1523806069,091_AHU01_CEV_1_DeltaTLimitation,1,
321,11254754,1523806069,091_AHU01_CEV_2_RelPos,0.000,
322,11254755,1523806069,091_AHU01_CEV_2_RelFlow,0.000,
323,11254756,1523806069,091_AHU01_CEV_2_AbsFlow,0.000,
324,11254757,1523806069,091_AHU01_CEV_2_EnteringTmp,67.814,
325,11254758,1523806070,091_AHU01_CEV_2_DeltaT,0.810,
326,11254759,1523806070,091_AHU01_CEV_2_LeavingTmp,68.625,
327,11254760,1523806070,091_AHU01_CEV_2_AbsPower,0.000,
328,11254761,1523806070,091_AHU01_CEV_2_ClgEnergy,2440053.500,
329,11254762,1523806070,091_AHU01_CEV_2_HtgEnergy,565.946,
330,11254763,1523806070,091_AHU01_CEV_2_RelPower,0.000,
331,11254764,1523806071,091_AHU01_CEV_2_CtrlMd,2,
332,11254765,1523806071,091_AHU01_CEV_2_DeltaTMgrSts,1,
333,11254766,1523806071,091_AHU01_CEV_2_DeltaTSp,0.000,
334,11254767,1523806071,091_AHU01_CEV_2_Vmax,97.000,
335,11254768,1523806072,091_AHU01_CEV_2_Vnom,495.324,
336,11254769,1523806072,091_AHU01_CEV_2_DeltaTLimitation,1,
337,11254770,1523806072,091_AHU319_CEV_RelPos,0.000,
338,11254771,1523806072,091_AHU319_CEV_RelFlow,0.000,
339,11254772,1523806072,091_AHU319_CEV_AbsFlow,0.000,
340,11254773,1523806073,091_AHU319_CEV_EnteringTmp,72.794,
341,11254774,1523806073,091_AHU319_CEV_DeltaT,1.246,
343,11254775,1523806076,091_AHU319_CEV_AbsPower,0.000,
344,11254776,1523806076,091_AHU319_CEV_ClgEnergy,811.437,
345,11254777,1523806076,091_AHU319_CEV_HtgEnergy,2.246,
346,11254778,1523806076,091_AHU319_CEV_RelPower,0.000,
347,11254779,1523806077,091_AHU319_CEV_CtrlMd,2,
348,11254780,1523806077,091_AHU319_CEV_DeltaTMgrSts,1,
349,11254781,1523806077,091_AHU319_CEV_DeltaTSp,0.000,
350,11254782,1523806077,091_AHU319_CEV_Vmax,78.000,
351,11254783,1523806077,091_AHU319_CEV_Vnom,18.228,
352,11254784,1523806078,091_AHU319_CEV_DeltaTLimitation,1,
353,11254785,1523806078,091_AHU504_CEV_RelPos,100.000,
354,11254786,1523806078,091_AHU504_CEV_RelFlow,49.620,
355,11254787,1523806078,091_AHU504_CEV_AbsFlow,16.123,
356,11254788,1523806079,091_AHU504_CEV_EnteringTmp,44.431,
357,11254789,1523806079,091_AHU504_CEV_DeltaT,0.815,
358,11254790,1523806079,091_AHU504_CEV_LeavingTmp,45.250,
359,11254791,1523806079,091_AHU504_CEV_AbsPower,6.542,
360,11254792,1523806079,091_AHU504_CEV_ClgEnergy,142394.313,
361,11254793,1523806079,091_AHU504_CEV_HtgEnergy,3.148,
362,11254794,1523806080,091_AHU504_CEV_RelPower,3.072,
363,11254795,1523806080,091_AHU504_CEV_CtrlMd,2,
364,11254796,1523806080,091_AHU504_CEV_DeltaTMgrSts,1,
366,11254797,1523806083,091_AHU504_CEV_Vmax,82.000,
367,11254798,1523806083,091_AHU504_CEV_Vnom,39.626,
368,11254799,1523806083,091_AHU504_CEV_DeltaTLimitation,1,
369,11254800,1523806083,136C_AHU1_CEV_RelPos,0.000,
370,11254801,1523806083,136C_AHU1_CEV_RelFlow,0.000,
371,11254802,1523806084,136C_AHU1_CEV_AbsFlow,0.000,
372,11254803,1523806084,136C_AHU1_CEV_EnteringTmp,52.562,
373,11254804,1523806084,136C_AHU1_CEV_DeltaT,11.879,
374,11254805,1523806084,136C_AHU1_CEV_LeavingTmp,64.436,
375,11254806,1523806084,136C_AHU1_CEV_AbsPower,0.000,
376,11254807,1523806084,136C_AHU1_CEV_ClgEnergy,7551780.500,
377,11254808,1523806084,136C_AHU1_CEV_HtgEnergy,23607.570,
378,11254809,1523806085,136C_AHU1_CEV_RelPower,0.000,
379,11254810,1523806085,136C_AHU1_CEV_CtrlMd,2,
380,11254811,1523806085,136C_AHU1_CEV_DeltaTMgrSts,1,
381,11254812,1523806085,136C_AHU1_CEV_DeltaTSp,0.000,
382,11254813,1523806085,136C_AHU1_CEV_Vmax,75.000,
383,11254814,1523806085,136C_AHU1_CEV_Vnom,495.324,
384,11254815,1523806086,136C_AHU1_CEV_DeltaTLimitation,1,
385,11254816,1523806086,136C_AHU2_CEV_RelPos,0.000,
386,11254817,1523806086,136C_AHU2_CEV_RelFlow,0.000,
387,11254818,1523806086,136C_AHU2_CEV_AbsFlow,0.000,
388,11254819,1523806086,136C_AHU2_CEV_EnteringTmp,58.875,
389,11254820,1523806086,136C_AHU2_CEV_DeltaT,8.924,
390,11254821,1523806087,136C_AHU2_CEV_LeavingTmp,67.799,
391,11254822,1523806087,136C_AHU2_CEV_AbsPower,0.000,
392,11254823,1523806087,136C_AHU2_CEV_ClgEnergy,8509003.000,
393,11254824,1523806087,136C_AHU2_CEV_HtgEnergy,7674.762,
394,11254825,1523806087,136C_AHU2_CEV_RelPower,0.000,
396,11254826,1523806090,136C_AHU2_CEV_DeltaTMgrSts,1,
397,11254827,1523806090,136C_AHU2_CEV_DeltaTSp,0.000,
398,11254828,1523806090,136C_AHU2_CEV_Vmax,89.000,
399,11254829,1523806090,136C_AHU2_CEV_Vnom,713.267,
400,11254830,1523806090,136C_AHU2_CEV_DeltaTLimitation,1,
401,11254831,1523806090,136C_AHU3_CEV_RelPos,0.000,
402,11254832,1523806091,136C_AHU3_CEV_RelFlow,0.000,
403,11254833,1523806091,136C_AHU3_CEV_AbsFlow,0.000,
404,11254834,1523806091,136C_AHU3_CEV_EnteringTmp,51.242,
405,11254835,1523806091,136C_AHU3_CEV_DeltaT,16.005,
406,11254836,1523806091,136C_AHU3_CEV_LeavingTmp,67.242,
407,11254837,1523806092,136C_AHU3_CEV_AbsPower,0.000,
408,11254838,1523806092,136C_AHU3_CEV_ClgEnergy,8408674.000,
409,11254839,1523806092,136C_AHU3_CEV_HtgEnergy,12992.602,
410,11254840,1523806092,136C_AHU3_CEV_RelPower,0.000,
411,11254841,1523806092,136C_AHU3_CEV_CtrlMd,2,
412,11254842,1523806092,136C_AHU3_CEV_DeltaTMgrSts,1,
413,11254843,1523806093,136C_AHU3_CEV_DeltaTSp,0.000,
414,11254844,1523806093,136C_AHU3_CEV_Vmax,71.000,
415,11254845,1523806093,136C_AHU3_CEV_Vnom,495.324,
416,11254846,1523806093,136C_AHU3_CEV_DeltaTLimitation,1,
417,11254847,1523806093,136C_AHU4_CEV_RelPos,70.510,
418,11254848,1523806093,136C_AHU4_CEV_RelFlow,96.432,
419,11254849,1523806094,136C_AHU4_CEV_AbsFlow,29.080,
420,11254850,1523806095,136C_AHU4_CEV_EnteringTmp,44.085,
421,11254851,1523806095,136C_AHU4_CEV_DeltaT,8.301,
422,11254852,1523806095,136C_AHU4_CEV_LeavingTmp,52.386,
423,11254853,1523806095,136C_AHU4_CEV_AbsPower,120.016,
424,11254854,1523806095,136C_AHU4_CEV_ClgEnergy,2339851.000,
425,11254855,1523806096,136C_AHU4_CEV_HtgEnergy,2.349,
426,11254856,1523806096,136C_AHU4_CEV_RelPower,55.911,
427,11254857,1523806096,136C_AHU4_CEV_CtrlMd,2,
428,11254858,1523806096,136C_AHU4_CEV_DeltaTMgrSts,1,
429,11254859,1523806097,136C_AHU4_CEV_DeltaTSp,0.000,
430,11254860,1523806098,136C_AHU4_CEV_Vmax,75.000,
431,11254861,1523806098,136C_AHU4_CEV_Vnom,39.626,
432,11254862,1523806098,136C_AHU4_CEV_DeltaTLimitation,1,
433,11254863,1523806099,165_MAU1_CEV_1_RelPos,0.000,
434,11254864,1523806099,165_MAU1_CEV_1_RelFlow,0.000,
435,11254865,1523806099,165_MAU1_CEV_1_AbsFlow,0.000,
436,11254866,1523806099,165_MAU1_CEV_1_EnteringTmp,87.814,
437,11254867,1523806099,165_MAU1_CEV_1_DeltaT,10.662,
438,11254868,1523806100,165_MAU1_CEV_1_LeavingTmp,77.147,
439,11254869,1523806100,165_MAU1_CEV_1_AbsPower,0.000,
440,11254870,1523806100,165_MAU1_CEV_1_ClgEnergy,6508038.500,
441,11254871,1523806100,165_MAU1_CEV_1_HtgEnergy,1195.240,
442,11254872,1523806100,165_MAU1_CEV_1_RelPower,0.000,
443,11254873,1523806100,165_MAU1_CEV_1_CtrlMd,2,
444,11254874,1523806100,165_MAU1_CEV_1_DeltaTMgrSts,1,
445,11254875,1523806101,165_MAU1_CEV_1_DeltaTSp,0.000,
446,11254876,1523806101,165_MAU1_CEV_1_Vmax,95.000,
447,11254877,1523806101,165_MAU1_CEV_1_Vnom,495.324,
448,11254878,1523806101,165_MAU1_CEV_1_DeltaTLimitation,1,
449,11254879,1523806101,165_MAU1_CEV_2_RelPos,0.000,
450,11254880,1523806102,165_MAU1_CEV_2_RelFlow,0.000,
451,11254881,1523806102,165_MAU1_CEV_2_AbsFlow,0.000,
452,11254882,1523806102,165_MAU1_CEV_2_EnteringTmp,87.944,
453,11254883,1523806102,165_MAU1_CEV_2_DeltaT,10.282,
454,11254884,1523806102,165_MAU1_CEV_2_LeavingTmp,77.662,
455,11254885,1523806102,165_MAU1_CEV_2_AbsPower,0.000,
456,11254886,1523806103,165_MAU1_CEV_2_ClgEnergy,6773128.500,
457,11254887,1523806103,165_MAU1_CEV_2_HtgEnergy,5671.642,
458,11254888,1523806103,165_MAU1_CEV_2_RelPower,0.000,
459,11254889,1523806103,165_MAU1_CEV_2_CtrlMd,2,
460,11254890,1523806103,165_MAU1_CEV_2_DeltaTMgrSts,1,
461,11254891,1523806103,165_MAU1_CEV_2_DeltaTSp,0.000,
462,11254892,1523806104,165_MAU1_CEV_2_Vmax,95.000,
463,11254893,1523806104,165_MAU1_CEV_2_Vnom,495.324,
464,11254894,1523806104,165_MAU1_CEV_2_DeltaTLimitation,1,
465,11254895,1523806104,165_AHU1_CEV_RelPos,0.000,
466,11254896,1523806104,165_AHU1_CEV_RelFlow,0.000,
467,11254897,1523806104,165_AHU1_CEV_AbsFlow,0.000,
468,11254898,1523806105,165_AHU1_CEV_EnteringTmp,73.768,
469,11254899,1523806105,165_AHU1_CEV_DeltaT,2.512,
470,11254900,1523806105,165_AHU1_CEV_LeavingTmp,76.285,
471,11254901,1523806105,165_AHU1_CEV_AbsPower,0.000,
472,11254902,1523806105,165_AHU1_CEV_ClgEnergy,268.918,
473,11254903,1523806105,165_AHU1_CEV_HtgEnergy,0.007,
474,11254904,1523806106,165_AHU1_CEV_RelPower,0.000,
475,11254905,1523806106,165_AHU1_CEV_CtrlMd,2,
476,11254906,1523806106,165_AHU1_CEV_DeltaTMgrSts,1,
477,11254907,1523806106,165_AHU1_CEV_DeltaTSp,0.000,
478,11254908,1523806106,165_AHU1_CEV_Vmax,78.000,
479,11254909,1523806106,165_AHU1_CEV_Vnom,28.531,
480,11254910,1523806107,165_AHU1_CEV_DeltaTLimitation,1,
481,11254911,1523806107,165_AHU2_CEV_RelPos,14.960,
482,11254912,1523806107,165_AHU2_CEV_RelFlow,1.951,
483,11254913,1523806107,165_AHU2_CEV_AbsFlow,0.230,
